{
  "version": 1,
  "author": "Gabriel Borghi",
  "editor": "wokwi",
  "parts": [
    { "type": "wokwi-breadboard", "id": "bb1", "top": -51, "left": -275.6, "attrs": {} },
    { "type": "board-esp32-devkit-c-v4", "id": "esp", "top": 172.8, "left": -206.36, "attrs": {} },
    {
      "type": "wokwi-dht22",
      "id": "dht1",
      "top": 173.1,
      "left": -72.6,
      "attrs": { "temperature": "-40", "humidity": "85.5" }
    },
    {
      "type": "wokwi-led",
      "id": "led1",
      "top": 313.2,
      "left": -73,
      "attrs": { "color": "red", "flip": "1" }
    },
    {
      "type": "wokwi-photoresistor-sensor",
      "id": "ldr1",
      "top": 214.4,
      "left": -18.4,
      "attrs": {}
    }
  ],
  "connections": [
    [ "esp:TX", "$serialMonitor:RX", "", [] ],
    [ "esp:RX", "$serialMonitor:TX", "", [] ],
    [ "esp:3V3", "bb1:bp.1", "black", [ "h-47.85", "v-67.2" ] ],
    [ "esp:GND.2", "bb1:bn.13", "black", [ "v-19.2", "h19.2" ] ],
    [ "dht1:VCC", "bb1:bp.15", "red", [ "v9.6", "h-38.4" ] ],
    [ "dht1:GND", "bb1:bn.21", "black", [ "v0", "h48" ] ],
    [ "esp:15", "dht1:SDA", "green", [ "v-28.8", "h57.6" ] ],
    [ "led1:A", "esp:2", "green", [ "v0" ] ],
    [ "led1:C", "bb1:bn.23", "green", [ "v-9.6", "h67.2" ] ],
    [ "ldr1:GND", "bb1:bn.45", "black", [ "h9.6", "v47.6", "h38.4" ] ],
    [ "esp:34", "ldr1:AO", "green", [ "h-47.85", "v230.4", "h220.8" ] ],
    [ "ldr1:VCC", "bb1:bp.35", "red", [ "h0" ] ]
  ],
  "dependencies": {}
}